{"cameraMode":{"drawMode":0,"name":"Shaded","section":"Shading Mode"},"sceneLighting":true,"audioPlay":false,"sceneViewState":{"showFog":true,"showMaterialUpdate":false,"showSkybox":true,"showFlares":true,"showImageEffects":true,"showParticleSystems":true},"in2DMode":false,"pivot":{"x":167.25375366210938,"y":-440.73553466796877,"z":-102.37171936035156},"rotation":{"x":0.1898244321346283,"y":0.7721662521362305,"z":-0.5430213212966919,"w":0.2699313163757324},"size":317.58258056640627,"orthographic":false}