{"cameraMode":{"drawMode":0,"name":"Shaded","section":"Shading Mode"},"sceneLighting":true,"audioPlay":false,"sceneViewState":{"showFog":true,"showMaterialUpdate":false,"showSkybox":true,"showFlares":true,"showImageEffects":true,"showParticleSystems":true},"in2DMode":false,"pivot":{"x":-1.130000114440918,"y":4.840000152587891,"z":10.561702728271485},"rotation":{"x":-0.13552288711071015,"y":-0.6802142858505249,"z":0.13012492656707765,"w":-0.7085582613945007},"size":6.6579365730285648,"orthographic":false}