{"cameraMode":{"drawMode":0,"name":"Shaded","section":"Shading Mode"},"sceneLighting":false,"audioPlay":false,"sceneViewState":{"showFog":true,"showMaterialUpdate":false,"showSkybox":false,"showFlares":true,"showImageEffects":true,"showParticleSystems":true},"in2DMode":false,"pivot":{"x":-0.815000057220459,"y":2.1649999618530275,"z":5.530851364135742},"rotation":{"x":-0.13552288711071015,"y":-0.6802142858505249,"z":0.13012492656707765,"w":-0.7085582613945007},"size":6.7232890129089359,"orthographic":false}