{"cameraMode":{"drawMode":0,"name":"Shaded","section":"Shading Mode"},"sceneLighting":false,"audioPlay":false,"sceneViewState":{"showFog":true,"showMaterialUpdate":false,"showSkybox":false,"showFlares":true,"showImageEffects":true,"showParticleSystems":true},"in2DMode":false,"pivot":{"x":-2.174912214279175,"y":-0.6100947856903076,"z":0.19187259674072267},"rotation":{"x":0.006438126787543297,"y":-0.9935386180877686,"z":0.071962371468544,"w":0.08814028650522232},"size":7.092320442199707,"orthographic":false}