{"cameraMode":{"drawMode":0,"name":"Shaded","section":"Shading Mode"},"sceneLighting":false,"audioPlay":false,"sceneViewState":{"showFog":true,"showMaterialUpdate":false,"showSkybox":false,"showFlares":true,"showImageEffects":true,"showParticleSystems":true},"in2DMode":false,"pivot":{"x":549.5643310546875,"y":942.4180297851563,"z":85.4326400756836},"rotation":{"x":-0.06020321324467659,"y":-0.04999733716249466,"z":0.002994225127622485,"w":-0.9969971179962158},"size":593.2089233398438,"orthographic":false}