{"cameraMode":{"drawMode":0,"name":"Shaded","section":"Shading Mode"},"sceneLighting":true,"audioPlay":false,"sceneViewState":{"showFog":true,"showMaterialUpdate":false,"showSkybox":true,"showFlares":true,"showImageEffects":true,"showParticleSystems":true},"in2DMode":false,"pivot":{"x":-1.0586891174316407,"y":-13.671606063842774,"z":87.20872497558594},"rotation":{"x":0.1518673151731491,"y":-0.08292181044816971,"z":0.012788256630301476,"w":0.9848405718803406},"size":48.56513977050781,"orthographic":false}