{"cameraMode":{"drawMode":0,"name":"Shaded","section":"Shading Mode"},"sceneLighting":false,"audioPlay":false,"sceneViewState":{"showFog":true,"showMaterialUpdate":false,"showSkybox":false,"showFlares":true,"showImageEffects":true,"showParticleSystems":true},"in2DMode":false,"pivot":{"x":10.364577293395996,"y":15.892010688781739,"z":-7.233982086181641},"rotation":{"x":-0.35036590695381167,"y":-0.05052557587623596,"z":0.018976407125592233,"w":-0.935086190700531},"size":9.005908012390137,"orthographic":false}