{"cameraMode":{"drawMode":0,"name":"Shaded","section":"Shading Mode"},"sceneLighting":false,"audioPlay":false,"sceneViewState":{"showFog":true,"showMaterialUpdate":false,"showSkybox":false,"showFlares":true,"showImageEffects":true,"showParticleSystems":true},"in2DMode":false,"pivot":{"x":1766.8919677734375,"y":1013.5556030273438,"z":-0.14760428667068482},"rotation":{"x":-0.09229782223701477,"y":0.13637343049049378,"z":-0.012800175696611405,"w":-0.9863348007202148},"size":450.27001953125,"orthographic":false}